<?xml version="1.0" encoding="UTF-8"?>
<configuration>
    <include resource="org/springframework/boot/logging/logback/base.xml"/>
    <logger name="org.springframework" level="OFF"/>
    <!--spring配置属性-->
    <springProperty scope="context" name="APP_NAME" source="logging.file.name" />
    <springProperty scope="context" name="LOG_PATH" source="logging.file.path" />
    <!--自定义属性-->
    <property name="LOG_FILE" value="lesscode" />

    <!--文件 appender 日志输出-->
    <appender name="fileAppender" class="ch.qos.logback.core.rolling.RollingFileAppender">
        <file>${LOG_PATH}${APP_NAME}-all.log</file>
        <rollingPolicy class="ch.qos.logback.core.rolling.SizeAndTimeBasedRollingPolicy">
            <!--日志文件输出的文件名-->
            <FileNamePattern>${LOG_PATH}/%d{yyyy-MM-dd}/${APP_NAME}-all-%i.log</FileNamePattern>
            <!--日志文件保留天数-->
            <MaxHistory>30</MaxHistory>
            <!--日志文件最大的大小-->
            <MaxFileSize>100MB</MaxFileSize>
        </rollingPolicy>
        <encoder>
            <pattern>[%d{yyyy-MM-dd HH:mm:ss.SSS}] [%-5level] [%thread] [%logger{50}.%M.%line] - %msg%n</pattern>
            <charset>UTF-8</charset>
        </encoder>
    </appender>
    <!--文件 appender error日志输出-->
    <appender name="fileErrorAppender" class="ch.qos.logback.core.rolling.RollingFileAppender">
        <file>${LOG_PATH}${APP_NAME}-error.log</file>
        <filter class="ch.qos.logback.classic.filter.LevelFilter">
            <level>ERROR</level>
            <onMatch>ACCEPT</onMatch>
            <onMismatch>DENY</onMismatch>
        </filter>
        <rollingPolicy class="ch.qos.logback.core.rolling.SizeAndTimeBasedRollingPolicy">
            <!--日志文件输出的文件名-->
            <FileNamePattern>${LOG_PATH}/%d{yyyy-MM-dd}/${APP_NAME}-error-%i.log</FileNamePattern>
            <!--日志文件保留天数-->
            <MaxHistory>30</MaxHistory>
            <!--日志文件最大的大小-->
            <MaxFileSize>100MB</MaxFileSize>
        </rollingPolicy>
        <encoder>
            <pattern>[%d{yyyy-MM-dd HH:mm:ss.SSS}] [%-5level] [%thread] [%logger{50}.%M.%line] - %msg%n</pattern>
            <charset>UTF-8</charset>
        </encoder>
    </appender>
    <!--console appender 日志输出-->
    <appender name="consoleAppender" class="ch.qos.logback.core.ConsoleAppender">
        <layout class="ch.qos.logback.classic.PatternLayout">
            <pattern>%d [%thread] %-5level %logger{100}.%M.%line - %msg%n</pattern>
        </layout>
    </appender>

    <root level="INFO">
        <appender-ref ref="fileAppender" />
        <appender-ref ref="fileErrorAppender" />
<!--        <appender-ref ref="consoleAppender" />-->
    </root>
</configuration>